run,collection_date,year,location,amikacin,ciprofloxacin,ceftazidime,meropenem
SRR30762255,2005,2005,Tunisia: Sfax,R,R,R,R
SRR30762243,2009,2009,Tunisia: Sfax,R,R,R,S
SRR30762254,2009,2009,Tunisia: Sfax,R,R,R,S
SRR30762177,2010,2010,Tunisia: Sfax,R,R,R,S
SRR30762188,2010,2010,Tunisia: Sfax,S,R,R,S
SRR30762210,2010,2010,Tunisia: Sfax,S,,R,S
SRR30762221,2010,2010,Tunisia: Sfax,R,,,S
SRR30762232,2010,2010,Tunisia: Sfax,R,R,R,S
SRR30762166,2011,2011,Tunisia: Sfax,S,R,R,S
SRR30762251,2011,2011,Tunisia: Sfax,S,R,R,S
SRR30762252,2011,2011,Tunisia: Sfax,R,R,R,R
SRR30762253,2011,2011,Tunisia: Sfax,S,R,R,R
SRR2134680,2012,2012,USA:Boston,R,R,R,S
SRR3185093,2012,2012,Honduras,R,R,R,
SRR30762246,2012,2012,Tunisia: Sfax,S,R,R,S
SRR30762247,2012,2012,Tunisia: Sfax,S,S,R,S
SRR30762248,2012,2012,Tunisia: Sfax,S,R,R,R
SRR30762249,2012,2012,Tunisia: Sfax,S,R,R,R
SRR30762250,2012,2012,Tunisia: Sfax,S,R,R,S
SRR5082458,2013,2013,Australia: Melbourne,,,S,
SRR5082468,2013,2013,Australia: Melbourne,,,S,
SRR30762236,2013,2013,Tunisia: Sfax,S,S,S,S
SRR30762237,2013,2013,Tunisia: Sfax,R,S,S,S
SRR30762238,2013,2013,Tunisia: Sfax,S,R,R,S
SRR30762239,2013,2013,Tunisia: Sfax,S,R,R,R
SRR30762240,2013,2013,Tunisia: Sfax,S,S,S,S
SRR30762241,2013,2013,Tunisia: Sfax,S,R,R,S
SRR30762242,2013,2013,Tunisia: Sfax,S,R,R,R
SRR30762244,2013,2013,Tunisia: Sfax,R,,R,S
SRR30762245,2013,2013,Tunisia: Sfax,S,R,R,R
SRR5082445,2014,2014,Australia: Melbourne,,,S,
SRR5082447,2014,2014,Australia: Melbourne,,,S,
SRR5082453,2014,2014,Australia: Melbourne,,,S,
SRR5082461,2014,2014,Australia: Melbourne,,,S,
SRR30762226,2014,2014,Tunisia: Sfax,R,R,R,R
SRR30762227,2014,2014,Tunisia: Sfax,S,R,R,S
SRR30762228,2014,2014,Tunisia: Sfax,S,R,R,
SRR30762229,2014,2014,Tunisia: Sfax,S,R,R,R
SRR30762230,2014,2014,Tunisia: Sfax,S,R,R,S
SRR30762231,2014,2014,Tunisia: Sfax,S,S,R,S
SRR30762233,2014,2014,Tunisia: Sfax,R,R,R,
SRR30762234,2014,2014,Tunisia: Sfax,R,R,R,R
SRR30762235,2014,2014,Tunisia: Sfax,S,R,R,S
SRR2134674,2015,2015,USA:Boston,R,R,R,R
SRR2134679,2015,2015,USA:Boston,R,R,R,R
SRR2449251,2015,2015,USA:Boston,S,R,R,
SRR2449299,2015,2015,USA:Boston,S,R,R,R
SRR2449365,2015,2015,USA:Boston,R,R,R,R
SRR3057129,2015,2015,USA:Boston,S,S,R,R
SRR3057130,2015,2015,USA:Boston,S,S,S,S
SRR3095383,2015,2015,USA:Boston,S,S,R,
SRR3168635,2015,2015,USA:Boston,S,S,S,S
SRR3168636,2015,2015,USA:Boston,S,S,S,S
SRR3168637,2015,2015,USA:Boston,S,S,S,S
SRR26887353,2015,2015,"Canada: Hamilton, Ontario",,,S,
SRR26887386,2015,2015,"Canada: Hamilton, Ontario",,,S,
SRR26887393,2015,2015,"Canada: Hamilton, Ontario",,,S,
SRR26887395,2015,2015,"Canada: Hamilton, Ontario",,,S,
SRR26887419,2015,2015,"Canada: Hamilton, Ontario",,,S,
SRR26887430,2015,2015,"Canada: Hamilton, Ontario",,,S,
SRR26887441,2015,2015,"Canada: Hamilton, Ontario",,,S,
SRR26887452,2015,2015,"Canada: Hamilton, Ontario",,,S,
SRR26887520,2015,2015,"Canada: Hamilton, Ontario",,,S,
SRR26887534,2015,2015,"Canada: Hamilton, Ontario",,,S,
SRR26887548,2015,2015,"Canada: Hamilton, Ontario",,,S,
SRR26887551,2015,2015,"Canada: Hamilton, Ontario",,,S,
SRR26887558,2015,2015,"Canada: Hamilton, Ontario",,,S,
SRR26887629,2015,2015,"Canada: Hamilton, Ontario",,,S,
SRR26887630,2015,2015,"Canada: Hamilton, Ontario",,,S,
SRR26887652,2015,2015,"Canada: Hamilton, Ontario",,,S,
SRR26887663,2015,2015,"Canada: Hamilton, Ontario",,,S,
SRR26887665,2015,2015,"Canada: Hamilton, Ontario",,,S,
SRR26887666,2015,2015,"Canada: Hamilton, Ontario",,,S,
SRR26887674,2015,2015,"Canada: Hamilton, Ontario",,,S,
SRR26887694,2015,2015,"Canada: Hamilton, Ontario",,,S,
SRR30762215,2015,2015,Tunisia: Sfax,S,R,R,S
SRR30762216,2015,2015,Tunisia: Sfax,R,R,R,
SRR30762217,2015,2015,Tunisia: Sfax,R,R,R,R
SRR30762218,2015,2015,Tunisia: Sfax,S,R,R,
SRR30762219,2015,2015,Tunisia: Sfax,S,R,R,
SRR30762220,2015,2015,Tunisia: Sfax,S,R,R,
SRR30762222,2015,2015,Tunisia: Sfax,R,R,R,S
SRR30762223,2015,2015,Tunisia: Sfax,S,R,R,
SRR30762224,2015,2015,Tunisia: Sfax,R,R,R,R
SRR30762225,2015,2015,Tunisia: Sfax,R,R,R,R
SRR4019406,2016,2016,USA:Boston,S,S,R,S
SRR4245474,2016,2016,USA:Boston,S,R,R,S
SRR4245485,2016,2016,USA:Boston,S,R,R,
SRR4294843,2016,2016,USA:Boston,S,R,R,S
SRR4294848,2016,2016,USA:Boston,S,S,R,S
SRR5120227,2016,2016,USA:Boston,S,R,R,S
SRR5120229,2016,2016,USA:Boston,S,R,S,S
SRR5237403,2016,2016,USA:Boston,S,S,,S
SRR5341976,2016,2016,USA:Boston,S,R,R,R
SRR5341977,2016,2016,USA:Boston,S,R,R,R
SRR5341978,2016,2016,USA:Boston,S,,S,S
SRR5420072,2016,2016,USA:Boston,R,R,R,S
SRR5420073,2016,2016,USA:Boston,S,S,S,S
SRR5445912,2016,2016,USA:Boston,S,R,R,S
SRR5445913,2016,2016,USA:Boston,S,R,R,S
SRR5445915,2016,2016,USA:Boston,S,R,R,S
SRR5445924,2016,2016,USA:Boston,S,R,R,S
SRR5806868,2016,2016,USA:Boston,S,S,R,S
SRR5806869,2016,2016,USA:Boston,S,,R,S
SRR5806870,2016,2016,USA:Boston,S,S,R,S
SRR5806871,2016,2016,USA:Boston,S,R,R,S
SRR26887354,2016,2016,"Canada: Hamilton, Ontario",,,S,
SRR26887361,2016,2016,"Canada: Hamilton, Ontario",,,S,
SRR26887370,2016,2016,"Canada: Hamilton, Ontario",,,S,
SRR26887378,2016,2016,"Canada: Hamilton, Ontario",,,S,
SRR26887398,2016,2016,"Canada: Hamilton, Ontario",,,S,
SRR26887409,2016,2016,"Canada: Hamilton, Ontario",,,S,
SRR26887414,2016,2016,"Canada: Hamilton, Ontario",,,S,
SRR26887415,2016,2016,"Canada: Hamilton, Ontario",,,S,
SRR26887416,2016,2016,"Canada: Hamilton, Ontario",,,S,
SRR26887475,2016,2016,"Canada: Hamilton, Ontario",,,S,
SRR26887478,2016,2016,"Canada: Hamilton, Ontario",,,S,
SRR26887480,2016,2016,"Canada: Hamilton, Ontario",,,S,
SRR26887484,2016,2016,"Canada: Hamilton, Ontario",,,S,
SRR26887485,2016,2016,"Canada: Hamilton, Ontario",,,S,
SRR26887487,2016,2016,"Canada: Hamilton, Ontario",,,S,
SRR26887493,2016,2016,"Canada: Hamilton, Ontario",,,S,
SRR26887497,2016,2016,"Canada: Hamilton, Ontario",,,S,
SRR26887498,2016,2016,"Canada: Hamilton, Ontario",,,S,
SRR26887506,2016,2016,"Canada: Hamilton, Ontario",,,S,
SRR26887507,2016,2016,"Canada: Hamilton, Ontario",,,S,
SRR26887515,2016,2016,"Canada: Hamilton, Ontario",,,S,
SRR26887725,2016,2016,"Canada: Hamilton, Ontario",,,S,
SRR30762206,2016,2016,Tunisia: Sfax,S,R,R,R
SRR30762207,2016,2016,Tunisia: Sfax,R,R,R,
SRR30762208,2016,2016,Tunisia: Sfax,R,R,R,R
SRR30762209,2016,2016,Tunisia: Sfax,S,R,R,R
SRR30762211,2016,2016,Tunisia: Sfax,R,R,R,R
SRR30762212,2016,2016,Tunisia: Sfax,R,R,R,R
SRR30762213,2016,2016,Tunisia: Sfax,S,R,R,R
SRR30762214,2016,2016,Tunisia: Sfax,S,R,R,R
SRR5420060,2017,2017,USA:Boston,S,R,R,R
SRR5420062,2017,2017,USA:Boston,S,S,R,S
SRR5420063,2017,2017,USA:Boston,R,R,R,S
SRR5806877,2017,2017,USA:Boston,S,R,R,R
SRR5806881,2017,2017,USA:Boston,R,R,R,
SRR5806882,2017,2017,USA:Boston,S,S,S,R
SRR5810501,2017,2017,USA:Boston,S,R,R,S
SRR5810502,2017,2017,USA:Boston,S,S,R,S
SRR5810503,2017,2017,USA:Boston,S,S,S,S
SRR5810509,2017,2017,USA:Boston,S,R,R,S
SRR5810506,2017,2017,USA:Boston,S,R,R,S
SRR5862473,2017,2017,USA:Boston,,S,R,S
SRR5862474,2017,2017,USA:Boston,S,,R,R
SRR5862477,2017,2017,USA:Boston,S,R,R,R
SRR5862478,2017,2017,USA:Boston,S,R,R,R
SRR5901127,2017,2017,USA:Boston,R,R,R,R
SRR5901128,2017,2017,USA:Boston,R,R,R,R
SRR6310474,2017,2017,USA:Boston,R,R,R,R
SRR6310475,2017,2017,USA:Boston,R,R,R,S
SRR30762198,2017,2017,Tunisia: Sfax,R,R,R,R
SRR30762200,2017,2017,Tunisia: Sfax,S,R,R,R
SRR30762201,2017,2017,Tunisia: Sfax,S,R,R,R
SRR30762202,2017,2017,Tunisia: Sfax,R,R,R,R
SRR30762203,2017,2017,Tunisia: Sfax,S,R,R,
SRR30762204,2017,2017,Tunisia: Sfax,S,R,R,R
SRR30762205,2017,2017,Tunisia: Sfax,S,R,R,R
SRR14673412,2018,2018,Australia,,,S,
SRR14673418,2018,2018,Australia,,,R,
SRR15097886,2018,2018,Australia,,,S,
SRR15097897,2018,2018,Australia,,,S,
SRR15097910,2018,2018,Australia,,,R,
SRR15097974,2018,2018,Australia,,,S,
SRR15097981,2018,2018,Australia,,,R,
SRR24102312,2018,2018,USA,R,,R,R
SRR30762190,2018,2018,Tunisia: Sfax,R,R,R,R
SRR30762191,2018,2018,Tunisia: Sfax,S,R,R,
SRR30762192,2018,2018,Tunisia: Sfax,R,R,R,R
SRR30762193,2018,2018,Tunisia: Sfax,R,R,R,R
SRR30762194,2018,2018,Tunisia: Sfax,R,R,R,
SRR30762195,2018,2018,Tunisia: Sfax,S,R,R,R
SRR30762196,2018,2018,Tunisia: Sfax,S,R,R,R
SRR30762197,2018,2018,Tunisia: Sfax,S,,R,R
SRR15098047,2019,2019,Australia,,,R,
SRR15098048,2019,2019,Australia,,,R,
SRR15098054,2019,2019,Australia,,,R,
SRR15098059,2019,2019,Australia,,,S,
SRR15098099,2019,2019,Australia,,,S,
SRR15098109,2019,2019,Australia,,,S,
SRR15098122,2019,2019,Australia,,,R,
SRR15098123,2019,2019,Australia,,,R,
SRR15098147,2019,2019,Australia,,,S,
SRR19372350,2019,2019,Norway,,,S,
SRR19372351,2019,2019,Norway,,,S,
SRR19372353,2019,2019,Norway,,,S,
SRR19372354,2019,2019,Norway,,,S,
SRR19372355,2019,2019,Norway,,,S,
SRR19372356,2019,2019,Norway,,,S,
SRR19372361,2019,2019,Norway,,,S,
SRR19372363,2019,2019,Norway,,,S,
SRR19372364,2019,2019,Norway,,,S,
SRR19372365,2019,2019,Norway,,,S,
SRR19372368,2019,2019,Norway,,,S,
SRR19372369,2019,2019,Norway,,,S,
SRR19372370,2019,2019,Norway,,,S,
SRR19372371,2019,2019,Norway,,,S,
SRR19372374,2019,2019,Norway,,,S,
SRR19372375,2019,2019,Norway,,,S,
SRR19372376,2019,2019,Norway,,,S,
SRR19372378,2019,2019,Norway,,,S,
SRR19372380,2019,2019,Norway,,,S,
SRR19372381,2019,2019,Norway,,,S,
SRR19372382,2019,2019,Norway,,,S,
SRR19372383,2019,2019,Norway,,,S,
SRR19372384,2019,2019,Norway,,,S,
SRR19372385,2019,2019,Norway,,,S,
SRR19372388,2019,2019,Norway,,,S,
SRR19372390,2019,2019,Norway,,,S,
SRR19372391,2019,2019,Norway,,,S,
SRR19372394,2019,2019,Norway,,,S,
SRR19372395,2019,2019,Norway,,,S,
SRR19372397,2019,2019,Norway,,,S,
SRR19372399,2019,2019,Norway,,,S,
SRR19372402,2019,2019,Norway,,,S,
SRR19372404,2019,2019,Norway,,,S,
SRR19372405,2019,2019,Norway,,,S,
SRR19372408,2019,2019,Norway,,,S,
SRR19372409,2019,2019,Norway,,,S,
SRR19372410,2019,2019,Norway,,,S,
SRR19372411,2019,2019,Norway,,,S,
SRR19372413,2019,2019,Norway,,,S,
SRR19372415,2019,2019,Norway,,,S,
SRR19372433,2019,2019,Norway,,,S,
SRR19372434,2019,2019,Norway,,,S,
SRR19372435,2019,2019,Norway,,,S,
SRR19372436,2019,2019,Norway,,,S,
SRR19372439,2019,2019,Norway,,,S,
SRR19372440,2019,2019,Norway,,,S,
SRR19372442,2019,2019,Norway,,,S,
SRR19372443,2019,2019,Norway,,,S,
SRR19372444,2019,2019,Norway,,,S,
SRR19372445,2019,2019,Norway,,,S,
SRR19372450,2019,2019,Norway,,,S,
SRR19372451,2019,2019,Norway,,,S,
SRR19372452,2019,2019,Norway,,,S,
SRR19372457,2019,2019,Norway,,,S,
SRR19372458,2019,2019,Norway,,,S,
SRR19372459,2019,2019,Norway,,,S,
SRR19372460,2019,2019,Norway,,,S,
SRR19372462,2019,2019,Norway,,,S,
SRR19372463,2019,2019,Norway,,,S,
SRR19372464,2019,2019,Norway,,,S,
SRR19372465,2019,2019,Norway,,,S,
SRR19372468,2019,2019,Norway,,,S,
SRR19372469,2019,2019,Norway,,,S,
SRR19372472,2019,2019,Norway,,,S,
SRR19372476,2019,2019,Norway,,,S,
SRR19372477,2019,2019,Norway,,,S,
SRR19372479,2019,2019,Norway,,,S,
SRR19372482,2019,2019,Norway,,,S,
SRR19372484,2019,2019,Norway,,,S,
SRR19372485,2019,2019,Norway,,,S,
SRR19372486,2019,2019,Norway,,,S,
SRR19372488,2019,2019,Norway,,,S,
SRR19372489,2019,2019,Norway,,,S,
SRR19372491,2019,2019,Norway,,,S,
SRR19372496,2019,2019,Norway,,,S,
SRR19372499,2019,2019,Norway,,,S,
SRR30762184,2019,2019,Tunisia: Sfax,S,R,R,R
SRR30762185,2019,2019,Tunisia: Sfax,S,R,R,R
SRR30762186,2019,2019,Tunisia: Sfax,R,R,R,R
SRR30762187,2019,2019,Tunisia: Sfax,S,R,R,R
SRR30762189,2019,2019,Tunisia: Sfax,R,R,R,R
SRR18208849,2020,2020,Australia: Melbourne,,,S,
SRR18208850,2020,2020,Australia: Melbourne,,,S,
SRR18208853,2020,2020,Australia: Melbourne,,,R,
SRR18208854,2020,2020,Australia: Melbourne,,,S,
SRR18208858,2020,2020,Australia: Melbourne,,,S,
SRR18208861,2020,2020,Australia: Melbourne,,,R,
SRR18208883,2020,2020,Australia: Melbourne,,,S,
SRR18208894,2020,2020,Australia: Melbourne,,,S,
SRR18208904,2020,2020,Australia: Melbourne,,,S,
SRR18208905,2020,2020,Australia: Melbourne,,,S,
SRR18208906,2020,2020,Australia: Melbourne,,,S,
SRR18208907,2020,2020,Australia: Melbourne,,,S,
SRR18208910,2020,2020,Australia: Melbourne,,,S,
SRR18208911,2020,2020,Australia: Melbourne,,,S,
SRR18208914,2020,2020,Australia: Melbourne,,,S,
SRR18208916,2020,2020,Australia: Melbourne,,,S,
SRR18208918,2020,2020,Australia: Melbourne,,,S,
SRR18208922,2020,2020,Australia: Melbourne,,,S,
SRR18208924,2020,2020,Australia: Melbourne,,,S,
SRR18208925,2020,2020,Australia: Melbourne,,,S,
SRR18208927,2020,2020,Australia: Melbourne,,,S,
SRR18208929,2020,2020,Australia: Melbourne,,,S,
SRR18208930,2020,2020,Australia: Melbourne,,,S,
SRR18208932,2020,2020,Australia: Melbourne,,,S,
SRR18208933,2020,2020,Australia: Melbourne,,,S,
SRR18208940,2020,2020,Australia: Melbourne,,,S,
SRR18208941,2020,2020,Australia: Melbourne,,,S,
SRR18208945,2020,2020,Australia: Melbourne,,,S,
SRR18208946,2020,2020,Australia: Melbourne,,,S,
SRR18208950,2020,2020,Australia: Melbourne,,,S,
SRR18208954,2020,2020,Australia: Melbourne,,,S,
SRR18208957,2020,2020,Australia: Melbourne,,,S,
SRR18208958,2020,2020,Australia: Melbourne,,,S,
SRR18208959,2020,2020,Australia: Melbourne,,,S,
SRR18208960,2020,2020,Australia: Melbourne,,,S,
SRR18208962,2020,2020,Australia: Melbourne,,,S,
SRR18208963,2020,2020,Australia: Melbourne,,,S,
SRR18208965,2020,2020,Australia: Melbourne,,,S,
SRR18208966,2020,2020,Australia: Melbourne,,,S,
SRR18208967,2020,2020,Australia: Melbourne,,,S,
SRR18208969,2020,2020,Australia: Melbourne,,,S,
SRR18208970,2020,2020,Australia: Melbourne,,,S,
SRR18208971,2020,2020,Australia: Melbourne,,,S,
SRR18208973,2020,2020,Australia: Melbourne,,,S,
SRR18208974,2020,2020,Australia: Melbourne,,,S,
SRR18208975,2020,2020,Australia: Melbourne,,,S,
SRR18208979,2020,2020,Australia: Melbourne,,,S,
SRR18208981,2020,2020,Australia: Melbourne,,,S,
SRR18208983,2020,2020,Australia: Melbourne,,,S,
SRR18208985,2020,2020,Australia: Melbourne,,,S,
SRR18208986,2020,2020,Australia: Melbourne,,,S,
SRR18208987,2020,2020,Australia: Melbourne,,,S,
SRR18208989,2020,2020,Australia: Melbourne,,,S,
SRR18208991,2020,2020,Australia: Melbourne,,,S,
SRR18208992,2020,2020,Australia: Melbourne,,,S,
SRR18208995,2020,2020,Australia: Melbourne,,,S,
SRR18208996,2020,2020,Australia: Melbourne,,,S,
SRR18208998,2020,2020,Australia: Melbourne,,,S,
SRR18208999,2020,2020,Australia: Melbourne,,,S,
SRR18209000,2020,2020,Australia: Melbourne,,,S,
SRR18209002,2020,2020,Australia: Melbourne,,,S,
SRR18209004,2020,2020,Australia: Melbourne,,,S,
SRR18209005,2020,2020,Australia: Melbourne,,,R,
SRR18209006,2020,2020,Australia: Melbourne,,,S,
SRR18209007,2020,2020,Australia: Melbourne,,,S,
SRR18209008,2020,2020,Australia: Melbourne,,,S,
SRR18209010,2020,2020,Australia: Melbourne,,,S,
SRR18209011,2020,2020,Australia: Melbourne,,,S,
SRR18209012,2020,2020,Australia: Melbourne,,,S,
SRR18209013,2020,2020,Australia: Melbourne,,,S,
SRR18209015,2020,2020,Australia: Melbourne,,,S,
SRR18209020,2020,2020,Australia: Melbourne,,,S,
SRR18209022,2020,2020,Australia: Melbourne,,,S,
SRR18209023,2020,2020,Australia: Melbourne,,,S,
SRR18209024,2020,2020,Australia: Melbourne,,,S,
SRR18209026,2020,2020,Australia: Melbourne,,,S,
SRR18209027,2020,2020,Australia: Melbourne,,,S,
SRR18209028,2020,2020,Australia: Melbourne,,,S,
SRR18209031,2020,2020,Australia: Melbourne,,,S,
SRR18209035,2020,2020,Australia: Melbourne,,,S,
SRR18209036,2020,2020,Australia: Melbourne,,,S,
SRR18209037,2020,2020,Australia: Melbourne,,,S,
SRR18209038,2020,2020,Australia: Melbourne,,,S,
SRR18209039,2020,2020,Australia: Melbourne,,,S,
SRR18209040,2020,2020,Australia: Melbourne,,,S,
SRR18209041,2020,2020,Australia: Melbourne,,,S,
SRR18209042,2020,2020,Australia: Melbourne,,,S,
SRR18209044,2020,2020,Australia: Melbourne,,,S,
SRR18209049,2020,2020,Australia: Melbourne,,,R,
SRR18209051,2020,2020,Australia: Melbourne,,,S,
SRR18209054,2020,2020,Australia: Melbourne,,,S,
SRR18209056,2020,2020,Australia: Melbourne,,,R,
SRR18209057,2020,2020,Australia: Melbourne,,,S,
SRR18209058,2020,2020,Australia: Melbourne,,,S,
SRR18209059,2020,2020,Australia: Melbourne,,,S,
SRR18209060,2020,2020,Australia: Melbourne,,,S,
SRR18209061,2020,2020,Australia: Melbourne,,,S,
SRR18209062,2020,2020,Australia: Melbourne,,,S,
SRR18209064,2020,2020,Australia: Melbourne,,,S,
SRR18209066,2020,2020,Australia: Melbourne,,,S,
SRR18209070,2020,2020,Australia: Melbourne,,,R,
SRR18209071,2020,2020,Australia: Melbourne,,,S,
SRR18209076,2020,2020,Australia: Melbourne,,,R,
SRR18209079,2020,2020,Australia: Melbourne,,,S,
SRR18209080,2020,2020,Australia: Melbourne,,,S,
SRR18209081,2020,2020,Australia: Melbourne,,,S,
SRR18209082,2020,2020,Australia: Melbourne,,,S,
SRR18209083,2020,2020,Australia: Melbourne,,,S,
SRR18209084,2020,2020,Australia: Melbourne,,,S,
SRR18209085,2020,2020,Australia: Melbourne,,,S,
SRR18209086,2020,2020,Australia: Melbourne,,,S,
SRR18209087,2020,2020,Australia: Melbourne,,,S,
SRR18209088,2020,2020,Australia: Melbourne,,,S,
SRR18209090,2020,2020,Australia: Melbourne,,,S,
SRR18209091,2020,2020,Australia: Melbourne,,,S,
SRR18209094,2020,2020,Australia: Melbourne,,,S,
SRR18209095,2020,2020,Australia: Melbourne,,,S,
SRR18209096,2020,2020,Australia: Melbourne,,,S,
SRR18209097,2020,2020,Australia: Melbourne,,,S,
SRR18209100,2020,2020,Australia: Melbourne,,,S,
SRR18209102,2020,2020,Australia: Melbourne,,,S,
SRR18209104,2020,2020,Australia: Melbourne,,,S,
SRR18209106,2020,2020,Australia: Melbourne,,,S,
SRR18209109,2020,2020,Australia: Melbourne,,,S,
SRR18209112,2020,2020,Australia: Melbourne,,,S,
SRR18209113,2020,2020,Australia: Melbourne,,,S,
SRR18209114,2020,2020,Australia: Melbourne,,,S,
SRR18209115,2020,2020,Australia: Melbourne,,,S,
SRR18209116,2020,2020,Australia: Melbourne,,,S,
SRR18209117,2020,2020,Australia: Melbourne,,,S,
SRR18209118,2020,2020,Australia: Melbourne,,,S,
SRR18209119,2020,2020,Australia: Melbourne,,,S,
SRR18209121,2020,2020,Australia: Melbourne,,,S,
SRR18209122,2020,2020,Australia: Melbourne,,,S,
SRR18209124,2020,2020,Australia: Melbourne,,,S,
SRR18209126,2020,2020,Australia: Melbourne,,,S,
SRR18209127,2020,2020,Australia: Melbourne,,,S,
SRR18209128,2020,2020,Australia: Melbourne,,,S,
SRR18209130,2020,2020,Australia: Melbourne,,,S,
SRR18209134,2020,2020,Australia: Melbourne,,,S,
SRR18209135,2020,2020,Australia: Melbourne,,,S,
SRR18209136,2020,2020,Australia: Melbourne,,,S,
SRR18209137,2020,2020,Australia: Melbourne,,,S,
SRR18209141,2020,2020,Australia: Melbourne,,,S,
SRR18209143,2020,2020,Australia: Melbourne,,,S,
SRR18209145,2020,2020,Australia: Melbourne,,,S,
SRR18209147,2020,2020,Australia: Melbourne,,,S,
SRR18209148,2020,2020,Australia: Melbourne,,,S,
SRR18209151,2020,2020,Australia: Melbourne,,,S,
SRR18209153,2020,2020,Australia: Melbourne,,,S,
SRR18209154,2020,2020,Australia: Melbourne,,,S,
SRR18209155,2020,2020,Australia: Melbourne,,,R,
SRR18209156,2020,2020,Australia: Melbourne,,,S,
SRR18209158,2020,2020,Australia: Melbourne,,,S,
SRR18209159,2020,2020,Australia: Melbourne,,,S,
SRR18209160,2020,2020,Australia: Melbourne,,,S,
SRR18209161,2020,2020,Australia: Melbourne,,,S,
SRR18209163,2020,2020,Australia: Melbourne,,,S,
SRR18209167,2020,2020,Australia: Melbourne,,,S,
SRR18209169,2020,2020,Australia: Melbourne,,,S,
SRR18209170,2020,2020,Australia: Melbourne,,,S,
SRR18209171,2020,2020,Australia: Melbourne,,,S,
SRR18209172,2020,2020,Australia: Melbourne,,,S,
SRR18209173,2020,2020,Australia: Melbourne,,,S,
SRR18209174,2020,2020,Australia: Melbourne,,,R,
SRR18209175,2020,2020,Australia: Melbourne,,,S,
SRR18209179,2020,2020,Australia: Melbourne,,,S,
SRR18209180,2020,2020,Australia: Melbourne,,,S,
SRR18209181,2020,2020,Australia: Melbourne,,,R,
SRR18209182,2020,2020,Australia: Melbourne,,,S,
SRR18209183,2020,2020,Australia: Melbourne,,,S,
SRR18209184,2020,2020,Australia: Melbourne,,,S,
SRR18209186,2020,2020,Australia: Melbourne,,,S,
SRR18209188,2020,2020,Australia: Melbourne,,,R,
SRR18209190,2020,2020,Australia: Melbourne,,,S,
SRR18209192,2020,2020,Australia: Melbourne,,,R,
SRR18209194,2020,2020,Australia: Melbourne,,,R,
SRR18209195,2020,2020,Australia: Melbourne,,,S,
SRR18209196,2020,2020,Australia: Melbourne,,,S,
SRR18209197,2020,2020,Australia: Melbourne,,,S,
SRR18209198,2020,2020,Australia: Melbourne,,,S,
SRR18209199,2020,2020,Australia: Melbourne,,,S,
SRR18209200,2020,2020,Australia: Melbourne,,,S,
SRR18209206,2020,2020,Australia: Melbourne,,,S,
SRR18209207,2020,2020,Australia: Melbourne,,,S,
SRR18209209,2020,2020,Australia: Melbourne,,,S,
SRR18209213,2020,2020,Australia: Melbourne,,,S,
SRR18209214,2020,2020,Australia: Melbourne,,,S,
SRR18209215,2020,2020,Australia: Melbourne,,,R,
SRR18209216,2020,2020,Australia: Melbourne,,,R,
SRR18209217,2020,2020,Australia: Melbourne,,,S,
SRR18209219,2020,2020,Australia: Melbourne,,,S,
SRR18209222,2020,2020,Australia: Melbourne,,,R,
SRR18209223,2020,2020,Australia: Melbourne,,,S,
SRR18209226,2020,2020,Australia: Melbourne,,,S,
SRR18209228,2020,2020,Australia: Melbourne,,,R,
SRR18209229,2020,2020,Australia: Melbourne,,,S,
SRR18209230,2020,2020,Australia: Melbourne,,,R,
SRR18209231,2020,2020,Australia: Melbourne,,,S,
SRR18209232,2020,2020,Australia: Melbourne,,,S,
SRR18209233,2020,2020,Australia: Melbourne,,,S,
SRR18209234,2020,2020,Australia: Melbourne,,,S,
SRR18209235,2020,2020,Australia: Melbourne,,,R,
SRR18209236,2020,2020,Australia: Melbourne,,,S,
SRR23048568,2020,2020,Norway,,,S,
SRR23048569,2020,2020,Norway,,,S,
SRR23048571,2020,2020,Norway,,,S,
SRR23048572,2020,2020,Norway,,,S,
SRR23048574,2020,2020,Norway,,,S,
SRR23048576,2020,2020,Norway,,,S,
SRR23048577,2020,2020,Norway,,,S,
SRR23048578,2020,2020,Norway,,,S,
SRR23048579,2020,2020,Norway,,,S,
SRR23048581,2020,2020,Norway,,,S,
SRR23048582,2020,2020,Norway,,,S,
SRR23048583,2020,2020,Norway,,,S,
SRR23048584,2020,2020,Norway,,,S,
SRR23048585,2020,2020,Norway,,,S,
SRR23048586,2020,2020,Norway,,,S,
SRR23048587,2020,2020,Norway,,,S,
SRR23048588,2020,2020,Norway,,,S,
SRR23048592,2020,2020,Norway,,,S,
SRR23048593,2020,2020,Norway,,,S,
SRR23048598,2020,2020,Norway,,,S,
SRR23048599,2020,2020,Norway,,,S,
SRR23048600,2020,2020,Norway,,,S,
SRR23048602,2020,2020,Norway,,,S,
SRR23048604,2020,2020,Norway,,,S,
SRR23048605,2020,2020,Norway,,,S,
SRR23048606,2020,2020,Norway,,,S,
SRR23048607,2020,2020,Norway,,,S,
SRR23048609,2020,2020,Norway,,,S,
SRR23048610,2020,2020,Norway,,,S,
SRR23048611,2020,2020,Norway,,,S,
SRR23048612,2020,2020,Norway,,,S,
SRR23048613,2020,2020,Norway,,,S,
SRR23048614,2020,2020,Norway,,,S,
SRR23048616,2020,2020,Norway,,,S,
SRR23048617,2020,2020,Norway,,,S,
SRR23048621,2020,2020,Norway,,,S,
SRR23048623,2020,2020,Norway,,,S,
SRR23048626,2020,2020,Norway,,,S,
SRR23048627,2020,2020,Norway,,,S,
SRR23048629,2020,2020,Norway,,,S,
SRR23048630,2020,2020,Norway,,,S,
SRR23048634,2020,2020,Norway,,,S,
SRR23048636,2020,2020,Norway,,,S,
SRR23048638,2020,2020,Norway,,,S,
SRR23048639,2020,2020,Norway,,,S,
SRR23048640,2020,2020,Norway,,,S,
SRR23048641,2020,2020,Norway,,,S,
SRR23048643,2020,2020,Norway,,,S,
SRR23048646,2020,2020,Norway,,,S,
SRR23048647,2020,2020,Norway,,,S,
SRR23048649,2020,2020,Norway,,,S,
SRR23048653,2020,2020,Norway,,,S,
SRR23048655,2020,2020,Norway,,,S,
SRR23048657,2020,2020,Norway,,,S,
SRR23048661,2020,2020,Norway,,,S,
SRR23048663,2020,2020,Norway,,,S,
SRR23048664,2020,2020,Norway,,,S,
SRR23048665,2020,2020,Norway,,,S,
SRR23048666,2020,2020,Norway,,,S,
SRR23048667,2020,2020,Norway,,,S,
SRR23048668,2020,2020,Norway,,,S,
SRR23048669,2020,2020,Norway,,,S,
SRR23048670,2020,2020,Norway,,,S,
SRR23048671,2020,2020,Norway,,,S,
SRR23048672,2020,2020,Norway,,,S,
SRR23048675,2020,2020,Norway,,,S,
SRR23048676,2020,2020,Norway,,,S,
SRR23048677,2020,2020,Norway,,,S,
SRR23048679,2020,2020,Norway,,,S,
SRR23048680,2020,2020,Norway,,,S,
SRR23048681,2020,2020,Norway,,,S,
SRR24102324,2020,2020,USA,S,,R,R
SRR24102316,2020,2020,USA,R,,R,R
SRR26324307,2020,2020,Italy: Milan,,,S,
SRR30762176,2020,2020,Tunisia: Sfax,R,R,R,R
SRR30762178,2020,2020,Tunisia: Sfax,S,R,R,S
SRR30762179,2020,2020,Tunisia: Sfax,R,R,R,R
SRR30762180,2020,2020,Tunisia: Sfax,R,R,R,R
SRR30762181,2020,2020,Tunisia: Sfax,S,R,R,R
SRR30762182,2020,2020,Tunisia: Sfax,R,R,R,R
SRR30762183,2020,2020,Tunisia: Sfax,R,R,R,R
SRR3219826,2011,2011,USA: California,R,R,,
SRR3219827,2011,2011,USA: California,R,R,,
SRR3219817,2011,2011,USA: California,R,R,,R
SRR3219271,2011,2011,USA: California,R,R,,R
SRR3219834,2011,2011,USA: Washington,,R,,R
SRR3981083,2011,2011,USA,S,S,R,R
SRR3981084,2011,2011,USA,S,S,R,R
SRR5386451,2011,2011,USA: Houston,,,R,
SRR3219831,2011,2011,USA: California,R,R,,R
SRR3185094,2012,2012,Afghanistan,R,R,R,R
SRR3185095,2012,2012,Honduras,,R,R,R
SRR3219835,2012,2012,USA: Virginia,S,R,,R
SRR3221668,2012,2012,USA: Illinois,R,R,,R
SRR3981085,2012,2012,USA,S,S,R,S
SRR3981086,2012,2012,USA,,R,R,R
SRR3981087,2012,2012,USA,S,R,R,R
SRR3982097,2012,2012,USA,S,R,R,R
SRR3982098,2012,2012,USA,S,R,R,R
SRR3982100,2012,2012,USA,S,R,R,S
SRR3982129,2012,2012,USA,S,S,R,R
SRR3982131,2012,2012,USA,S,S,R,R
SRR3982178,2012,2012,USA,S,S,R,S
SRR3982216,2012,2012,USA,S,S,R,S
SRR3982229,2012,2012,USA,,R,R,R
SRR3982230,2012,2012,USA,S,R,R,R
SRR3982253,2012,2012,USA,S,R,R,R
SRR3982254,2012,2012,USA,S,S,R,R
SRR5385440,2012,2012,USA: Houston,,,R,
SRR5385457,2012,2012,USA: Houston,,,R,
SRR5385460,2012,2012,USA: Houston,,,R,
SRR5385480,2012,2012,USA: Houston,,,R,
SRR5385493,2012,2012,USA: Houston,,,R,
SRR5385502,2012,2012,USA: Houston,,,S,
SRR5385525,2012,2012,USA: Houston,,,R,
SRR5385530,2012,2012,USA: Houston,,,R,
SRR5386165,2012,2012,USA: Houston,,,R,
SRR5386172,2012,2012,USA: Houston,,,R,
SRR5386182,2012,2012,USA: Houston,,,S,
SRR5386192,2012,2012,USA: Houston,,,R,
SRR5386193,2012,2012,USA: Houston,,,R,
SRR5386194,2012,2012,USA: Houston,,,R,
SRR5386208,2012,2012,USA: Houston,,,R,
SRR5386211,2012,2012,USA: Houston,,,R,
SRR5386220,2012,2012,USA: Houston,,,R,
SRR5386223,2012,2012,USA: Houston,,,R,
SRR5386265,2012,2012,USA: Houston,,,S,
SRR5386267,2012,2012,USA: Houston,,,R,
SRR5386268,2012,2012,USA: Houston,,,R,
SRR5386272,2012,2012,USA: Houston,,,R,
SRR5386290,2012,2012,USA: Houston,,,R,
SRR5386304,2012,2012,USA: Houston,,,R,
SRR5386329,2012,2012,USA: Houston,,,S,
SRR5386336,2012,2012,USA: Houston,,,R,
SRR5386339,2012,2012,USA: Houston,,,R,
SRR5386342,2012,2012,USA: Houston,,,R,
SRR5386344,2012,2012,USA: Houston,,,R,
SRR5386364,2012,2012,USA: Houston,,,S,
SRR5386367,2012,2012,USA: Houston,,,R,
SRR5386370,2012,2012,USA: Houston,,,R,
SRR5386377,2012,2012,USA: Houston,,,S,
SRR5386386,2012,2012,USA: Houston,,,R,
SRR5386405,2012,2012,USA: Houston,,,R,
SRR5386407,2012,2012,USA: Houston,,,R,
SRR5386414,2012,2012,USA: Houston,,,R,
SRR5386416,2012,2012,USA: Houston,,,R,
SRR5386418,2012,2012,USA: Houston,,,R,
SRR5386420,2012,2012,USA: Houston,,,R,
SRR5386422,2012,2012,USA: Houston,,,R,
SRR5386423,2012,2012,USA: Houston,,,R,
SRR5386426,2012,2012,USA: Houston,,,R,
SRR5931420,2012,2012,Australia: Victoria,,,R,
SRR3185096,2013,2013,Honduras,R,R,R,R
SRR3185098,2013,2013,Germany:Landstuhl,S,R,R,R
SRR3222121,2013,2013,USA: Indiana,S,R,,R
SRR3222198,2013,2013,USA: Minnesota,R,R,,S
SRR3222075,2013,2013,USA: Indiana,S,R,,R
SRR3221782,2013,2013,USA: Oklahoma,R,R,,R
SRR3221942,2013,2013,USA: Oklahoma,R,R,,R
SRR3221987,2013,2013,USA: Illinois,R,R,,R
SRR3222406,2013,2013,USA: California,R,R,,R
SRR3222408,2013,2013,USA: California,S,R,,
SRR3222415,2013,2013,USA: California,S,R,,R
SRR3221675,2013,2013,USA: Pennsylvania,R,R,,R
SRR3221676,2013,2013,USA: Illinois,R,R,,R
SRR3221684,2013,2013,USA: Texas,R,R,,R
SRR3982316,2013,2013,USA,,R,R,R
SRR3982346,2013,2013,USA,S,R,R,R
SRR3982400,2013,2013,USA,S,R,R,S
SRR3987108,2013,2013,USA,S,S,R,S
SRR3987109,2013,2013,USA,S,S,R,S
SRR3987110,2013,2013,USA,S,S,R,S
SRR3987111,2013,2013,USA,S,S,R,S
SRR3987112,2013,2013,USA,S,R,R,R
SRR3987113,2013,2013,USA,S,S,R,S
SRR3987114,2013,2013,USA,S,S,R,S
SRR3987115,2013,2013,USA,S,R,R,R
SRR3987116,2013,2013,USA,S,S,R,R
SRR3987117,2013,2013,USA,S,S,R,S
SRR3987118,2013,2013,USA,,R,R,R
SRR3987119,2013,2013,USA,S,R,R,R
SRR3987120,2013,2013,USA,,R,R,R
SRR3987121,2013,2013,USA,,R,R,R
SRR3987122,2013,2013,USA,S,R,R,R
SRR3987123,2013,2013,USA,,R,R,R
SRR3987124,2013,2013,USA,,R,R,R
SRR3987125,2013,2013,USA,S,R,R,R
SRR3987126,2013,2013,USA,S,R,R,R
SRR3987127,2013,2013,USA,S,R,R,R
SRR3987128,2013,2013,USA,S,R,R,R
SRR3987129,2013,2013,USA,,R,R,R
SRR3987131,2013,2013,USA,S,S,S,S
SRR3987132,2013,2013,USA,S,S,R,S
SRR3987133,2013,2013,USA,S,S,R,S
SRR3987134,2013,2013,USA,S,R,S,S
SRR3987135,2013,2013,USA,R,R,R,R
SRR3996236,2013,2013,USA,S,R,R,R
SRR3996238,2013,2013,USA,,R,R,R
SRR3996239,2013,2013,USA,,R,R,R
SRR3996240,2013,2013,USA,S,R,R,R
SRR3996241,2013,2013,USA,S,R,R,R
SRR3996242,2013,2013,USA,S,R,R,R
SRR3996245,2013,2013,USA,S,R,R,R
SRR3996246,2013,2013,USA,S,R,R,R
SRR3996248,2013,2013,USA,,R,R,R
SRR3996250,2013,2013,USA,,R,R,R
SRR3996251,2013,2013,USA,S,R,R,R
SRR3996252,2013,2013,USA,,R,R,R
SRR3996253,2013,2013,USA,S,R,R,R
SRR3996254,2013,2013,USA,R,R,R,R
SRR3996255,2013,2013,USA,S,R,R,
SRR3996256,2013,2013,USA,S,S,R,S
SRR3996258,2013,2013,USA,S,R,R,S
SRR3996260,2013,2013,USA,S,R,R,R
SRR3996261,2013,2013,USA,S,R,R,R
SRR3996262,2013,2013,USA,S,R,R,S
SRR3996265,2013,2013,USA,S,S,R,S
SRR3996266,2013,2013,USA,S,S,,S
SRR3996268,2013,2013,USA,S,S,R,S
SRR3996270,2013,2013,USA,S,,R,S
SRR4017809,2013,2013,USA,S,S,R,S
SRR4017810,2013,2013,USA,S,S,R,S
SRR4017811,2013,2013,USA,S,R,R,R
SRR4017813,2013,2013,USA,S,R,R,R
SRR4017820,2013,2013,USA,S,R,R,S
SRR4017821,2013,2013,USA,S,S,R,S
SRR4017822,2013,2013,USA,S,S,R,S
SRR4017823,2013,2013,USA,S,S,R,S
SRR4017825,2013,2013,USA,S,R,R,
SRR4017826,2013,2013,USA,S,R,R,R
SRR4017827,2013,2013,USA,R,R,R,R
SRR4017828,2013,2013,USA,,R,R,R
SRR4017829,2013,2013,USA,,R,R,R
SRR4017830,2013,2013,USA,,R,R,R
SRR4017831,2013,2013,USA,,R,R,R
SRR4017833,2013,2013,USA,S,R,R,R
SRR4017834,2013,2013,USA,S,R,R,R
SRR4017835,2013,2013,USA,,R,R,R
SRR5385428,2013,2013,USA: Houston,,,S,
SRR5385701,2013,2013,USA: Houston,,,S,
SRR5385706,2013,2013,USA: Houston,,,R,
SRR5385729,2013,2013,USA: Houston,,,R,
SRR5385777,2013,2013,USA: Houston,,,R,
SRR5385780,2013,2013,USA: Houston,,,R,
SRR5385782,2013,2013,USA: Houston,,,R,
SRR5385785,2013,2013,USA: Houston,,,R,
SRR5385798,2013,2013,USA: Houston,,,R,
SRR5385800,2013,2013,USA: Houston,,,R,
SRR5385801,2013,2013,USA: Houston,,,R,
SRR5385807,2013,2013,USA: Houston,,,R,
SRR5385808,2013,2013,USA: Houston,,,R,
SRR5385886,2013,2013,USA: Houston,,,R,
SRR5385892,2013,2013,USA: Houston,,,S,
SRR5385920,2013,2013,USA: Houston,,,R,
SRR5385928,2013,2013,USA: Houston,,,R,
SRR5386466,2013,2013,USA: Houston,,,R,
SRR5386469,2013,2013,USA: Houston,,,R,
SRR5386479,2013,2013,USA: Houston,,,R,
SRR5386481,2013,2013,USA: Houston,,,R,
SRR5386529,2013,2013,USA: Houston,,,R,
SRR5386544,2013,2013,USA: Houston,,,R,
SRR5386572,2013,2013,USA: Houston,,,S,
SRR5386588,2013,2013,USA: Houston,,,R,
SRR5386995,2013,2013,USA: Houston,,,R,
SRR5387027,2013,2013,USA: Houston,,,S,
SRR5387031,2013,2013,USA: Houston,,,S,
SRR5387035,2013,2013,USA: Houston,,,S,
SRR3221683,2013,2013,USA: Pennsylvania,S,S,,
SRR3185097,2014,2014,"USA:Maryland,Bethesa",S,R,R,R
SRR3222204,2014,2014,USA: Connecticut,R,R,,R
SRR3222424,2014,2014,USA: Alabama,S,R,,R
SRR3222446,2014,2014,USA: Alabama,S,R,,R
SRR3222447,2014,2014,USA: Alabama,S,R,,R
SRR4017836,2014,2014,USA,,R,R,R
SRR4017837,2014,2014,USA,S,S,R,R
SRR4017840,2014,2014,USA,,R,R,R
SRR4017841,2014,2014,USA,S,R,R,
SRR4017842,2014,2014,USA,S,R,R,R
SRR4017843,2014,2014,USA,S,R,R,R
SRR4017844,2014,2014,USA,R,R,R,R
SRR4017846,2014,2014,USA,,R,R,S
SRR4017847,2014,2014,USA,S,R,R,R
SRR4017848,2014,2014,USA,R,R,R,R
SRR4017849,2014,2014,USA,S,S,R,R
SRR4017850,2014,2014,USA,,R,R,R
SRR4017851,2014,2014,USA,S,R,R,R
SRR4017852,2014,2014,USA,,R,R,R
SRR4017854,2014,2014,USA,S,R,R,
SRR4017855,2014,2014,USA,S,S,R,S
SRR4017856,2014,2014,USA,S,R,R,R
SRR4017880,2014,2014,USA,S,S,R,S
SRR4017881,2014,2014,USA,S,S,R,R
SRR4017882,2014,2014,USA,S,S,R,S
SRR4017883,2014,2014,USA,S,S,R,S
SRR4017885,2014,2014,USA,S,R,R,R
SRR4017887,2014,2014,USA,S,S,S,S
SRR4017890,2014,2014,USA,,R,R,R
SRR4017892,2014,2014,USA,R,R,R,R
SRR4017893,2014,2014,USA,S,R,R,R
SRR4017894,2014,2014,USA,R,R,R,R
SRR4017895,2014,2014,USA,,R,R,R
SRR4017897,2014,2014,USA,S,S,R,R
SRR4017898,2014,2014,USA,,R,R,R
SRR4017902,2014,2014,USA,,R,R,R
SRR4017906,2014,2014,USA,S,R,R,R
SRR4017908,2014,2014,USA,S,S,R,S
SRR4017909,2014,2014,USA,S,R,R,S
SRR4017914,2014,2014,USA,S,S,,R
SRR4017915,2014,2014,USA,S,R,R,R
SRR4017916,2014,2014,USA,,R,R,R
SRR4017918,2014,2014,USA,S,R,R,R
SRR4017919,2014,2014,USA,S,R,R,R
SRR4017920,2014,2014,USA,R,R,R,
SRR4017921,2014,2014,USA,S,R,R,R
SRR4017922,2014,2014,USA,S,R,R,R
SRR4017923,2014,2014,USA,,R,S,S
SRR4017924,2014,2014,USA,,R,R,R
SRR4017925,2014,2014,USA,S,S,R,R
SRR4017927,2014,2014,USA,,R,R,R
SRR4017928,2014,2014,USA,S,R,R,R
SRR4017929,2014,2014,USA,S,R,R,S
SRR4035114,2014,2014,USA,S,R,R,S
SRR4035115,2014,2014,USA,S,R,R,R
SRR4035116,2014,2014,USA,S,R,R,R
SRR4035118,2014,2014,USA,,R,R,R
SRR4035123,2014,2014,USA,S,R,R,R
SRR4035124,2014,2014,USA,S,R,R,R
SRR4035125,2014,2014,USA,,R,R,R
SRR4035126,2014,2014,USA,S,R,R,R
SRR4065635,2014,2014,USA,R,R,R,
SRR4065636,2014,2014,USA,S,S,R,S
SRR4065637,2014,2014,USA,S,R,R,R
SRR4065638,2014,2014,USA,S,R,R,R
SRR4065639,2014,2014,USA,S,R,R,R
SRR4065640,2014,2014,USA,S,R,R,R
SRR4065641,2014,2014,USA,S,R,R,R
SRR4065646,2014,2014,USA,,R,R,R
SRR4065647,2014,2014,USA,,R,R,R
SRR4065651,2014,2014,USA,S,,R,S
SRR4065652,2014,2014,USA,,R,R,R
SRR4065653,2014,2014,USA,,R,R,R
SRR4065663,2014,2014,USA,S,R,R,R
SRR4065664,2014,2014,USA,S,S,S,S
SRR4065667,2014,2014,USA,S,,R,
SRR4065668,2014,2014,USA,S,R,R,R
SRR4065670,2014,2014,USA,S,R,R,
SRR4065671,2014,2014,USA,S,S,R,S
SRR4065673,2014,2014,USA,S,S,R,S
SRR4065678,2014,2014,USA,S,R,R,R
SRR4065679,2014,2014,USA,S,S,R,R
SRR4065680,2014,2014,USA,,R,R,R
SRR4065689,2014,2014,USA,S,R,R,R
SRR4065698,2014,2014,USA,S,R,R,
SRR4065699,2014,2014,USA,,R,R,R
SRR4065700,2014,2014,USA,S,R,R,R
SRR4065702,2014,2014,USA,,R,R,R
SRR4065707,2014,2014,USA,S,S,R,S
SRR4069213,2014,2014,USA,S,S,R,S
SRR4069215,2014,2014,USA,S,S,R,S
SRR4069216,2014,2014,USA,S,S,S,S
SRR5385636,2014,2014,USA: Houston,,,R,
SRR5385962,2014,2014,USA: Houston,,,R,
SRR5385968,2014,2014,USA: Houston,,,R,
SRR5385969,2014,2014,USA: Houston,,,R,
SRR5385980,2014,2014,USA: Houston,,,R,
SRR5385985,2014,2014,USA: Houston,,,R,
SRR5385991,2014,2014,USA: Houston,,,R,
SRR5385999,2014,2014,USA: Houston,,,R,
SRR5386004,2014,2014,USA: Houston,,,R,
SRR5386006,2014,2014,USA: Houston,,,R,
SRR5386039,2014,2014,USA: Houston,,,R,
SRR5386099,2014,2014,USA: Houston,,,R,
SRR5386101,2014,2014,USA: Houston,,,S,
SRR5386102,2014,2014,USA: Houston,,,R,
SRR5386111,2014,2014,USA: Houston,,,R,
SRR5386112,2014,2014,USA: Houston,,,R,
SRR5386114,2014,2014,USA: Houston,,,R,
SRR5386122,2014,2014,USA: Houston,,,R,
SRR5386123,2014,2014,USA: Houston,,,R,
SRR5386142,2014,2014,USA: Houston,,,R,
SRR5386144,2014,2014,USA: Houston,,,S,
SRR5386151,2014,2014,USA: Houston,,,R,
SRR5386152,2014,2014,USA: Houston,,,R,
SRR5386155,2014,2014,USA: Houston,,,R,
SRR5386614,2014,2014,USA: Houston,,,R,
SRR5386638,2014,2014,USA: Houston,,,R,
SRR5386646,2014,2014,USA: Houston,,,R,
SRR5386649,2014,2014,USA: Houston,,,R,
SRR5386661,2014,2014,USA: Houston,,,R,
SRR5386686,2014,2014,USA: Houston,,,R,
SRR5386697,2014,2014,USA: Houston,,,R,
SRR5386709,2014,2014,USA: Houston,,,S,
SRR5386742,2014,2014,USA: Houston,,,R,
SRR5386766,2014,2014,USA: Houston,,,R,
SRR5386778,2014,2014,USA: Houston,,,R,
SRR5386811,2014,2014,USA: Houston,,,R,
SRR5386830,2014,2014,USA: Houston,,,R,
SRR5386839,2014,2014,USA: Houston,,,R,
SRR5386925,2014,2014,USA: Houston,,,R,
SRR5386927,2014,2014,USA: Houston,,,R,
SRR5386930,2014,2014,USA: Houston,,,R,
SRR5386936,2014,2014,USA: Houston,,,R,
SRR5386946,2014,2014,USA: Houston,,,R,
SRR5386965,2014,2014,USA: Houston,,,R,
SRR5386977,2014,2014,USA: Houston,,,R,
SRR5387355,2014,2014,USA: Houston,,,R,
SRR5387362,2014,2014,USA: Houston,,,R,
SRR5387364,2014,2014,USA: Houston,,,R,
SRR5387375,2014,2014,USA: Houston,,,S,
SRR5387394,2014,2014,USA: Houston,,,S,
SRR5387395,2014,2014,USA: Houston,,,R,
SRR5387423,2014,2014,USA: Houston,,,R,
SRR5387162,2015,2015,USA: Houston,,,R,
SRR5387175,2015,2015,USA: Houston,,,R,
SRR5387184,2015,2015,USA: Houston,,,S,
SRR5387213,2015,2015,USA: Houston,,,R,
SRR5387279,2015,2015,USA: Houston,,,R,
SRR5387280,2015,2015,USA: Houston,,,R,
SRR5387289,2015,2015,USA: Houston,,,S,
SRR3618629,2016,2016,USA:Boston,S,R,R,R
SRR5973256,2017,2017,USA: Houston,,,S,
SRR5973257,2017,2017,USA: Houston,,,S,
SRR5973258,2017,2017,USA: Houston,,,S,
SRR5973260,2017,2017,USA: Houston,,,S,
SRR5973261,2017,2017,USA: Houston,,,S,
SRR5973262,2017,2017,USA: Houston,,,S,
SRR5973263,2017,2017,USA: Houston,,,R,
SRR5973264,2017,2017,USA: Houston,,,S,
SRR5973271,2017,2017,USA: Houston,,,R,
SRR5973277,2017,2017,USA: Houston,,,S,
SRR5973278,2017,2017,USA: Houston,,,S,
SRR5973292,2017,2017,USA: Houston,,,R,
SRR5973295,2017,2017,USA: Houston,,,S,
SRR5973296,2017,2017,USA: Houston,,,S,
SRR5973300,2017,2017,USA: Houston,,,S,
SRR5973301,2017,2017,USA: Houston,,,S,
SRR5973302,2017,2017,USA: Houston,,,S,
SRR5973303,2017,2017,USA: Houston,,,S,
SRR5973304,2017,2017,USA: Houston,,,S,
SRR5973305,2017,2017,USA: Houston,,,S,
SRR5973306,2017,2017,USA: Houston,,,S,
SRR5973307,2017,2017,USA: Houston,,,S,
SRR5973308,2017,2017,USA: Houston,,,S,
SRR5973309,2017,2017,USA: Houston,,,S,
SRR5973310,2017,2017,USA: Houston,,,S,
SRR5973311,2017,2017,USA: Houston,,,S,
SRR5973314,2017,2017,USA: Houston,,,S,
SRR5973325,2017,2017,USA: Houston,,,S,
SRR5973326,2017,2017,USA: Houston,,,S,
SRR5973327,2017,2017,USA: Houston,,,S,
SRR5973328,2017,2017,USA: Houston,,,S,
SRR5973330,2017,2017,USA: Houston,,,S,
SRR5973331,2017,2017,USA: Houston,,,S,
SRR5973332,2017,2017,USA: Houston,,,S,
SRR5973333,2017,2017,USA: Houston,,,S,
SRR5973334,2017,2017,USA: Houston,,,S,
SRR5973346,2017,2017,USA: Houston,,,S,
SRR5973347,2017,2017,USA: Houston,,,S,
SRR5973348,2017,2017,USA: Houston,,,S,
SRR5973349,2017,2017,USA: Houston,,,S,
SRR5973350,2017,2017,USA: Houston,,,S,
SRR5973351,2017,2017,USA: Houston,,,S,
SRR5973352,2017,2017,USA: Houston,,,S,
SRR5973353,2017,2017,USA: Houston,,,S,
SRR5973354,2017,2017,USA: Houston,,,S,
SRR5973360,2017,2017,USA: Houston,,,S,
SRR5973361,2017,2017,USA: Houston,,,R,
SRR5973362,2017,2017,USA: Houston,,,S,
SRR5973363,2017,2017,USA: Houston,,,S,
SRR5973364,2017,2017,USA: Houston,,,S,
SRR5973365,2017,2017,USA: Houston,,,S,
SRR5973366,2017,2017,USA: Houston,,,S,
SRR5973367,2017,2017,USA: Houston,,,S,
SRR5973368,2017,2017,USA: Houston,,,S,
SRR5973370,2017,2017,USA: Houston,,,S,
SRR5973371,2017,2017,USA: Houston,,,S,
SRR5973372,2017,2017,USA: Houston,,,S,
SRR5973382,2017,2017,USA: Houston,,,S,
SRR5973383,2017,2017,USA: Houston,,,S,
SRR5973385,2017,2017,USA: Houston,,,S,
SRR5973386,2017,2017,USA: Houston,,,S,
SRR5973387,2017,2017,USA: Houston,,,S,
SRR5973389,2017,2017,USA: Houston,,,S,
SRR5973391,2017,2017,USA: Houston,,,S,
SRR5973392,2017,2017,USA: Houston,,,R,
SRR5973394,2017,2017,USA: Houston,,,R,
SRR5973402,2017,2017,USA: Houston,,,S,
SRR5973403,2017,2017,USA: Houston,,,S,
SRR5973406,2017,2017,USA: Houston,,,S,
SRR5973407,2017,2017,USA: Houston,,,S,
SRR5973408,2017,2017,USA: Houston,,,S,
SRR5973409,2017,2017,USA: Houston,,,S,
SRR5973410,2017,2017,USA: Houston,,,S,
SRR5973411,2017,2017,USA: Houston,,,S,
SRR10383451,2017,2017,USA:Cincinnati,S,S,R,S
SRR10383452,2017,2017,USA:Cincinnati,S,S,S,S
SRR10383455,2017,2017,USA:Cincinnati,S,S,S,S
SRR10383458,2017,2017,USA:Cincinnati,S,S,S,S
